source,datafile,completeness,consider,note
KMI,KMI_6414_2003,-1,0,
KMI,KMI_6414_2004,0.998679577,1,
KMI,KMI_6414_2005,0.999596449,1,
KMI,KMI_6414_2006,0.99862543,1,
KMI,KMI_6414_2007,0.996527778,1,
KMI,KMI_6414_2008,0.99790795,1,
KMI,KMI_6414_2009,0.885766646,0,
KMI,KMI_6414_2010,1,1,
KMI,KMI_6414_2011,0.405079251,0,
KMI,KMI_6414_2012,0.805385231,0,
KMI,KMI_6414_2013,0.96438294,1,
KMI,KMI_6414_2014,1,1,
KMI,KMI_6414_2015,0.629396771,0,
KMI,KMI_6414_2016,1,1,
KMI,KMI_6414_2017,0.999737945,1,
KMI,KMI_6414_2018,0.999096658,1,
KMI,KMI_6414_2019,1,1,
KMI,KMI_6414_2020,0.981448763,1,
KMI,KMI_6414_2021,-1,0,
KMI,KMI_6418_2012,-1,0,
KMI,KMI_6418_2013,1,1,
KMI,KMI_6418_2014,0.632393085,0,
KMI,KMI_6418_2015,1,1,
KMI,KMI_6418_2016,1,1,
KMI,KMI_6418_2017,0.999521531,1,
KMI,KMI_6418_2018,1,1,
KMI,KMI_6418_2019,0.757190265,0,
KMI,KMI_6418_2020,0.965336821,1,
KMI,KMI_6418_2021,-1,0,
KMI,KMI_6431_2012,-1,0,
KMI,KMI_6431_2013,1,1,
KMI,KMI_6431_2014,1,1,
KMI,KMI_6431_2015,1,1,
KMI,KMI_6431_2016,1,1,
KMI,KMI_6431_2017,1,1,
KMI,KMI_6431_2018,0.168181818,0,
KMI,KMI_6431_2019,0,0,
KMI,KMI_6431_2020,0,0,
KMI,KMI_6431_2021,0,0,
KMI,KMI_6434_2002,-1,0,
KMI,KMI_6434_2003,0.88639201,0,
KMI,KMI_6434_2004,0.998302927,1,
KMI,KMI_6434_2005,0.913994169,0,
KMI,KMI_6434_2006,1,1,
KMI,KMI_6434_2007,0.999688376,1,
KMI,KMI_6434_2008,0.994935854,1,
KMI,KMI_6434_2009,0.781462837,0,
KMI,KMI_6434_2010,0.411550633,0,
KMI,KMI_6434_2011,0.479255774,0,
KMI,KMI_6434_2012,0.902604167,0,
KMI,KMI_6434_2013,1,1,
KMI,KMI_6434_2014,0.888074617,0,
KMI,KMI_6434_2015,0.936004785,0,
KMI,KMI_6434_2016,0.619242199,0,
KMI,KMI_6434_2017,1,1,
KMI,KMI_6434_2018,1,1,
KMI,KMI_6434_2019,0.999088838,1,
KMI,KMI_6434_2020,0.997099047,1,
KMI,KMI_6434_2021,-1,0,
KMI,KMI_6439_2007,-1,0,
KMI,KMI_6439_2008,0.997821351,1,
KMI,KMI_6439_2009,1,1,
KMI,KMI_6439_2010,1,1,
KMI,KMI_6439_2011,0.685674548,0,
KMI,KMI_6439_2012,0.997695853,1,
KMI,KMI_6439_2013,0.999650594,1,
KMI,KMI_6439_2014,0.833996024,0,
KMI,KMI_6439_2015,0.950283617,1,
KMI,KMI_6439_2016,1,1,
KMI,KMI_6439_2017,1,1,
KMI,KMI_6439_2018,0.999652295,1,
KMI,KMI_6439_2019,0.934673367,0,
KMI,KMI_6439_2020,0.99705635,1,
KMI,KMI_6439_2021,-1,0,
KMI,KMI_6447_2003,0.990023943,1,
KMI,KMI_6447_2004,0.992337165,1,
KMI,KMI_6447_2005,1,1,
KMI,KMI_6447_2006,1,1,
KMI,KMI_6447_2007,1,1,
KMI,KMI_6447_2008,0.99851632,1,
KMI,KMI_6447_2009,0.785983203,0,
KMI,KMI_6447_2010,1,1,
KMI,KMI_6447_2011,1,1,
KMI,KMI_6447_2012,0.993961353,1,
KMI,KMI_6447_2013,1,1,
KMI,KMI_6447_2014,1,1,
KMI,KMI_6447_2015,1,1,
KMI,KMI_6447_2016,1,1,
KMI,KMI_6447_2017,1,1,
KMI,KMI_6447_2018,1,1,
KMI,KMI_6447_2019,1,1,
KMI,KMI_6447_2020,0.994482173,1,
KMI,KMI_6447_2021,-1,0,
KMI,KMI_6455_2000,-1,0,
KMI,KMI_6455_2001,0.859464408,0,
KMI,KMI_6455_2002,1,1,
KMI,KMI_6455_2003,1,1,
KMI,KMI_6455_2004,0.99962321,1,
KMI,KMI_6455_2005,1,1,
KMI,KMI_6455_2006,0.99395233,1,
KMI,KMI_6455_2007,1,1,
KMI,KMI_6455_2008,0.995553085,1,
KMI,KMI_6455_2009,0.655015198,0,
KMI,KMI_6455_2010,0.994411571,1,
KMI,KMI_6455_2011,1,1,
KMI,KMI_6455_2012,0.996421115,1,
KMI,KMI_6455_2013,1,1,
KMI,KMI_6455_2014,1,1,
KMI,KMI_6455_2015,1,1,
KMI,KMI_6455_2016,1,1,
KMI,KMI_6455_2017,0.728462763,0,
KMI,KMI_6455_2018,1,1,
KMI,KMI_6455_2019,1,1,
KMI,KMI_6455_2020,0.993914036,1,
KMI,KMI_6455_2021,1,1,
KMI,KMI_6459_2000,-1,0,
KMI,KMI_6459_2001,0.950610275,1,
KMI,KMI_6459_2002,0.988078736,1,
KMI,KMI_6459_2003,1,1,
KMI,KMI_6459_2004,1,1,
KMI,KMI_6459_2005,1,1,
KMI,KMI_6459_2006,0.977394164,1,
KMI,KMI_6459_2007,1,1,
KMI,KMI_6459_2008,0.99771615,1,
KMI,KMI_6459_2009,0.990079365,1,
KMI,KMI_6459_2010,1,1,
KMI,KMI_6459_2011,0.992765957,1,
KMI,KMI_6459_2012,1,1,
KMI,KMI_6459_2013,0.947390751,0,
KMI,KMI_6459_2014,1,1,
KMI,KMI_6459_2015,1,1,
KMI,KMI_6459_2016,0.81559168,0,
KMI,KMI_6459_2017,1,1,
KMI,KMI_6459_2018,1,1,
KMI,KMI_6459_2019,1,1,
KMI,KMI_6459_2020,1,1,
KMI,KMI_6459_2021,-1,0,
KMI,KMI_6464_2012,-1,0,
KMI,KMI_6464_2013,0.986185725,1,
KMI,KMI_6464_2014,0.99795835,1,
KMI,KMI_6464_2015,0.541028729,0,
KMI,KMI_6464_2016,1,1,
KMI,KMI_6464_2017,1,1,
KMI,KMI_6464_2018,1,1,
KMI,KMI_6464_2019,1,1,
KMI,KMI_6464_2020,0.995875344,1,
KMI,KMI_6464_2021,-1,0,
KMI,KMI_6472_2002,-1,0,
KMI,KMI_6472_2003,0.86054197,0,
KMI,KMI_6472_2004,0.896934307,0,
KMI,KMI_6472_2005,0.939197531,0,
KMI,KMI_6472_2006,1,1,
KMI,KMI_6472_2007,1,1,
KMI,KMI_6472_2008,0.89,0,
KMI,KMI_6472_2009,0.998714653,1,
KMI,KMI_6472_2010,0.907948476,0,
KMI,KMI_6472_2011,0.484482469,0,
KMI,KMI_6472_2012,0.579235939,0,
KMI,KMI_6472_2013,0.878514589,0,
KMI,KMI_6472_2014,0.859431681,0,
KMI,KMI_6472_2015,0.692841019,0,
KMI,KMI_6472_2016,1,1,
KMI,KMI_6472_2017,1,1,
KMI,KMI_6472_2018,1,1,
KMI,KMI_6472_2019,0.963026361,1,
KMI,KMI_6472_2020,0.988156921,1,
KMI,KMI_6472_2021,-1,0,
KMI,KMI_6477_2004,-1,0,
KMI,KMI_6477_2005,0.999565028,1,
KMI,KMI_6477_2006,0.834653806,0,
KMI,KMI_6477_2007,0.987053994,1,
KMI,KMI_6477_2008,0.957038995,1,
KMI,KMI_6477_2009,0.997638725,0,interpolation_error in script.m
KMI,KMI_6477_2010,0.82778127,0,
KMI,KMI_6477_2011,1,1,
KMI,KMI_6477_2012,1,1,
KMI,KMI_6477_2013,0.917627677,0,
KMI,KMI_6477_2014,0.96835443,1,
KMI,KMI_6477_2015,1,1,
KMI,KMI_6477_2016,1,1,
KMI,KMI_6477_2017,1,1,
KMI,KMI_6477_2018,1,1,
KMI,KMI_6477_2019,1,1,
KMI,KMI_6477_2020,0.931034483,0,
KMI,KMI_6477_2021,-1,0,
KMI,KMI_6484_2003,-1,0,
KMI,KMI_6484_2004,0.907593523,0,
KMI,KMI_6484_2005,1,1,
KMI,KMI_6484_2006,0.918514561,0,
KMI,KMI_6484_2007,0.999756868,1,
KMI,KMI_6484_2008,0.877808345,0,
KMI,KMI_6484_2009,1,1,
KMI,KMI_6484_2010,1,1,
KMI,KMI_6484_2011,0.996937213,1,
KMI,KMI_6484_2012,1,1,
KMI,KMI_6484_2013,0.934963325,0,
KMI,KMI_6484_2014,1,1,
KMI,KMI_6484_2015,0.998454007,1,
KMI,KMI_6484_2016,1,1,
KMI,KMI_6484_2017,0.727450284,0,
KMI,KMI_6484_2018,0.602569093,0,
KMI,KMI_6484_2019,0.867185657,0,
KMI,KMI_6484_2020,0.980506823,1,
KMI,KMI_6484_2021,-1,0,
KMI,KMI_6494_2012,-1,0,
KMI,KMI_6494_2013,1,1,
KMI,KMI_6494_2014,1,1,
KMI,KMI_6494_2015,0.999831508,1,
KMI,KMI_6494_2016,1,1,
KMI,KMI_6494_2017,1,1,
KMI,KMI_6494_2018,0.91388836,0,
KMI,KMI_6494_2019,0.992891882,1,
KMI,KMI_6494_2020,0.922819972,0,
KMI,KMI_6494_2021,-1,0,
KMI,KMI_FS3_1898,1,1,
KMI,KMI_FS3_1899,1,1,
KMI,KMI_FS3_1900,1,1,
KMI,KMI_FS3_1901,1,1,
KMI,KMI_FS3_1902,1,1,
KMI,KMI_FS3_1903,1,1,
KMI,KMI_FS3_1904,1,1,
KMI,KMI_FS3_1905,1,1,
KMI,KMI_FS3_1906,1,1,
KMI,KMI_FS3_1907,1,1,
KMI,KMI_FS3_1908,1,1,
KMI,KMI_FS3_1909,1,1,
KMI,KMI_FS3_1910,1,1,
KMI,KMI_FS3_1911,1,1,
KMI,KMI_FS3_1912,1,1,
KMI,KMI_FS3_1913,1,1,
KMI,KMI_FS3_1914,1,1,
KMI,KMI_FS3_1915,1,1,
KMI,KMI_FS3_1916,1,1,
KMI,KMI_FS3_1917,1,1,
KMI,KMI_FS3_1918,1,1,
KMI,KMI_FS3_1919,1,1,
KMI,KMI_FS3_1920,1,1,
KMI,KMI_FS3_1921,1,1,
KMI,KMI_FS3_1922,1,1,
KMI,KMI_FS3_1923,1,1,
KMI,KMI_FS3_1924,1,1,
KMI,KMI_FS3_1925,1,1,
KMI,KMI_FS3_1926,1,1,
KMI,KMI_FS3_1927,1,1,
KMI,KMI_FS3_1928,1,1,
KMI,KMI_FS3_1929,1,1,
KMI,KMI_FS3_1930,1,1,
KMI,KMI_FS3_1931,1,1,
KMI,KMI_FS3_1932,1,1,
KMI,KMI_FS3_1933,1,1,
KMI,KMI_FS3_1934,1,1,
KMI,KMI_FS3_1935,1,1,
KMI,KMI_FS3_1936,1,1,
KMI,KMI_FS3_1937,1,1,
KMI,KMI_FS3_1938,1,1,
KMI,KMI_FS3_1939,1,1,
KMI,KMI_FS3_1940,1,1,
KMI,KMI_FS3_1941,1,1,
KMI,KMI_FS3_1942,1,1,
KMI,KMI_FS3_1943,1,1,
KMI,KMI_FS3_1944,1,1,
KMI,KMI_FS3_1945,1,1,
KMI,KMI_FS3_1946,1,1,
KMI,KMI_FS3_1947,1,1,
KMI,KMI_FS3_1948,1,1,
KMI,KMI_FS3_1949,1,1,
KMI,KMI_FS3_1950,1,1,
KMI,KMI_FS3_1951,1,1,
KMI,KMI_FS3_1952,1,1,
KMI,KMI_FS3_1953,1,1,
KMI,KMI_FS3_1954,1,1,
KMI,KMI_FS3_1955,1,1,
KMI,KMI_FS3_1956,1,1,
KMI,KMI_FS3_1957,1,1,
KMI,KMI_FS3_1958,1,1,
KMI,KMI_FS3_1959,1,1,
KMI,KMI_FS3_1960,1,1,
KMI,KMI_FS3_1961,1,1,
KMI,KMI_FS3_1962,1,1,
KMI,KMI_FS3_1963,1,1,
KMI,KMI_FS3_1964,1,1,
KMI,KMI_FS3_1965,1,1,
KMI,KMI_FS3_1966,1,1,
KMI,KMI_FS3_1967,1,1,
KMI,KMI_FS3_1968,1,1,
KMI,KMI_FS3_1969,1,1,
KMI,KMI_FS3_1970,1,1,
KMI,KMI_FS3_1971,1,1,
KMI,KMI_FS3_1972,1,1,
KMI,KMI_FS3_1973,1,1,
KMI,KMI_FS3_1974,1,1,
KMI,KMI_FS3_1975,1,1,
KMI,KMI_FS3_1976,1,1,
KMI,KMI_FS3_1977,1,1,
KMI,KMI_FS3_1978,1,1,
KMI,KMI_FS3_1979,1,1,
KMI,KMI_FS3_1980,1,1,
KMI,KMI_FS3_1981,1,1,
KMI,KMI_FS3_1982,1,1,
KMI,KMI_FS3_1983,1,1,
KMI,KMI_FS3_1984,1,1,
KMI,KMI_FS3_1985,1,1,
KMI,KMI_FS3_1986,1,1,
KMI,KMI_FS3_1987,1,1,
KMI,KMI_FS3_1988,1,1,
KMI,KMI_FS3_1989,1,1,
KMI,KMI_FS3_1990,1,1,
KMI,KMI_FS3_1991,1,1,
KMI,KMI_FS3_1992,1,1,
KMI,KMI_FS3_1993,1,1,
KMI,KMI_FS3_1994,1,1,
KMI,KMI_FS3_1995,1,1,
KMI,KMI_FS3_1996,1,1,
KMI,KMI_FS3_1997,1,1,
KMI,KMI_FS3_1998,1,1,
KMI,KMI_FS3_1999,1,1,
KMI,KMI_FS3_2000,1,1,
KMI,KMI_FS3_2001,1,1,
KMI,KMI_FS3_2002,1,1,
VMM,P01_001_2018,-1,0,
VMM,P01_003_2004,-1,0,
VMM,P01_003_2005,0.999447208,1,
VMM,P01_003_2006,0.999441341,1,
VMM,P01_003_2007,0.771866717,0,
VMM,P01_003_2008,0.976264481,1,
VMM,P01_003_2009,0.482050603,0,
VMM,P01_003_2010,0.998112699,1,
VMM,P01_003_2011,0.651791326,0,
VMM,P01_003_2012,0.95988935,1,
VMM,P01_003_2013,0.885883155,0,
VMM,P01_003_2014,1,1,
VMM,P01_003_2015,0.896373057,0,
VMM,P01_003_2016,1,1,
VMM,P01_003_2017,0.997391304,1,
VMM,P01_003_2018,1,1,
VMM,P01_003_2019,0.945547362,0,
VMM,P01_003_2020,0.999133449,1,
VMM,P01_003_2021,1,1,
VMM,P01_010_2004,-1,0,
VMM,P01_010_2005,0.898659103,0,
VMM,P01_010_2006,0.816990291,0,
VMM,P01_010_2007,0.835008179,0,
VMM,P01_010_2008,0.977172717,1,
VMM,P01_010_2009,0.779814438,0,
VMM,P01_010_2010,0.995390377,1,
VMM,P01_010_2011,0.8802515,0,
VMM,P01_010_2012,0.982737661,1,
VMM,P01_010_2013,0.312018376,0,
VMM,P01_010_2014,0.177440965,0,
VMM,P01_010_2015,0.999699158,1,
VMM,P01_010_2016,0.987887324,1,
VMM,P01_010_2017,0.996311097,1,
VMM,P01_010_2018,1,1,
VMM,P01_010_2019,0.999702381,1,
VMM,P01_010_2020,0.999448732,1,
VMM,P01_010_2021,-1,0,
VMM,P01_015_2004,-1,0,
VMM,P01_015_2005,0.905433647,0,
VMM,P01_015_2006,0.761716018,0,
VMM,P01_015_2007,0.9,0,
VMM,P01_015_2008,0.97,1,
VMM,P01_015_2009,0.997792494,1,
VMM,P01_015_2010,0.487432537,0,
VMM,P01_015_2011,0.999318337,1,
VMM,P01_015_2012,0.982667309,1,
VMM,P01_015_2013,0.802202742,0,
VMM,P01_015_2014,0.992957746,1,
VMM,P01_015_2015,1,1,
VMM,P01_015_2016,0.859914939,0,
VMM,P01_015_2017,0.996649406,1,
VMM,P01_015_2018,1,1,
VMM,P01_015_2019,0.997861289,1,
VMM,P01_015_2020,0.997657394,1,
VMM,P01_015_2021,-1,0,
VMM,P01_029_2008,-1,0,
VMM,P01_029_2009,0.998099891,1,
VMM,P01_029_2010,0.951902748,1,
VMM,P01_029_2011,0.353186498,0,
VMM,P01_029_2012,0.084473808,0,
VMM,P01_029_2013,0.898366104,0,
VMM,P01_029_2014,0.605079217,0,
VMM,P01_029_2015,0.981623277,1,
VMM,P01_029_2016,1,1,
VMM,P01_029_2017,0.987149918,1,
VMM,P01_029_2018,1,1,
VMM,P01_029_2019,0.907924743,0,
VMM,P01_029_2020,0.942762796,0,
VMM,P01_029_2021,-1,0,
VMM,P01_037_2008,-1,0,
VMM,P01_037_2009,0.798709677,0,
VMM,P01_037_2010,0.33698689,0,
VMM,P01_037_2011,0.335023143,0,
VMM,P01_037_2012,0.039771365,0,
VMM,P01_037_2013,0.345898004,0,
VMM,P01_037_2014,0.107111992,0,
VMM,P01_037_2015,0.999392835,1,
VMM,P01_037_2016,0.998781231,1,
VMM,P01_037_2017,0.996995995,1,
VMM,P01_037_2018,1,1,
VMM,P01_037_2019,0.795130795,0,
VMM,P01_037_2020,0.967004342,1,
VMM,P01_037_2021,-1,0,
VMM,P02_004_2004,-1,0,
VMM,P02_004_2005,0.867164899,0,
VMM,P02_004_2006,0.829399392,0,
VMM,P02_004_2007,0.893911007,0,
VMM,P02_004_2008,0.968198824,1,
VMM,P02_004_2009,0.995416554,1,
VMM,P02_004_2010,0.996024845,1,
VMM,P02_004_2011,0.995616598,1,
VMM,P02_004_2012,0.981991996,1,
VMM,P02_004_2013,0.858249086,0,
VMM,P02_004_2014,0.992855016,1,
VMM,P02_004_2015,0.618765066,0,
VMM,P02_004_2016,0.889824393,0,
VMM,P02_004_2017,0.997899711,1,
VMM,P02_004_2018,1,1,
VMM,P02_004_2019,0.114971803,0,
VMM,P02_004_2020,0.999637812,1,
VMM,P02_004_2021,-1,0,
VMM,P02_008_2004,-1,0,
VMM,P02_008_2005,1,1,
VMM,P02_008_2006,0.448198198,0,
VMM,P02_008_2007,0.790111248,0,
VMM,P02_008_2008,0.557813077,0,
VMM,P02_008_2009,0.986858191,1,
VMM,P02_008_2010,0.620278695,0,
VMM,P02_008_2011,0.994915793,1,
VMM,P02_008_2012,0.980792609,1,
VMM,P02_008_2013,0.85572843,0,
VMM,P02_008_2014,1,1,
VMM,P02_008_2015,0.80447693,0,
VMM,P02_008_2016,0.994680851,1,
VMM,P02_008_2017,0.996781744,1,
VMM,P02_008_2018,1,1,
VMM,P02_008_2019,0.996081977,1,
VMM,P02_008_2020,0.997673066,1,
VMM,P02_008_2021,-1,0,
VMM,P02_030_2012,0.011008538,0,
VMM,P02_030_2013,0.440940196,0,
VMM,P02_030_2014,0.770604396,0,
VMM,P02_030_2015,0.96635183,1,
VMM,P02_030_2016,0.775116279,0,
VMM,P02_030_2017,0.997978047,1,
VMM,P02_030_2018,1,1,
VMM,P02_030_2019,0.639733444,0,
VMM,P02_030_2020,0.959123223,1,
VMM,P02_030_2021,0,0,
VMM,P03_005_2004,-1,0,
VMM,P03_005_2005,0.901408451,0,
VMM,P03_005_2006,0.859608209,0,
VMM,P03_005_2007,0.899977216,0,
VMM,P03_005_2008,0.944027138,0,
VMM,P03_005_2009,0.990503825,1,
VMM,P03_005_2010,0.979381443,1,
VMM,P03_005_2011,0.88869694,0,
VMM,P03_005_2012,0.971889301,1,
VMM,P03_005_2013,0.877526754,0,
VMM,P03_005_2014,1,1,
VMM,P03_005_2015,0.991143725,1,
VMM,P03_005_2016,0.969320672,1,
VMM,P03_005_2017,0.996878252,1,
VMM,P03_005_2018,1,1,
VMM,P03_005_2019,0.999227998,1,
VMM,P03_005_2020,0.998976197,1,
VMM,P03_005_2021,-1,0,
VMM,P03_017_2004,-1,0,
VMM,P03_017_2005,0.879355174,0,
VMM,P03_017_2006,0.838645911,0,
VMM,P03_017_2007,0.883296324,0,
VMM,P03_017_2008,0.941504178,0,
VMM,P03_017_2009,0.988860326,1,
VMM,P03_017_2010,0.995130702,1,
VMM,P03_017_2011,0.363555893,0,
VMM,P03_017_2012,0.543265414,0,
VMM,P03_017_2013,0.126544944,0,
VMM,P03_017_2014,0.999688085,1,
VMM,P03_017_2015,0.792486943,0,
VMM,P03_017_2016,0.321173469,0,
VMM,P03_017_2017,0.997947665,1,
VMM,P03_017_2018,1,1,
VMM,P03_017_2019,0.978939355,1,
VMM,P03_017_2020,0.998420637,1,
VMM,P03_017_2021,-1,0,
VMM,P03_036_2008,-1,0,
VMM,P03_036_2009,0.961737332,1,
VMM,P03_036_2010,1,1,
VMM,P03_036_2011,0.985484707,1,
VMM,P03_036_2012,1,1,
VMM,P03_036_2013,0.785128205,0,
VMM,P03_036_2014,0.617152236,0,
VMM,P03_036_2015,0.933895539,0,
VMM,P03_036_2016,0.985179197,1,
VMM,P03_036_2017,0.989856298,1,
VMM,P03_036_2018,1,1,
VMM,P03_036_2019,0.691721788,0,
VMM,P03_036_2020,0.994136617,1,
VMM,P03_036_2021,-1,0,
VMM,P03_041_2009,0.925118483,0,
VMM,P03_041_2010,1,1,
VMM,P03_041_2011,0.998896247,1,
VMM,P03_041_2012,0.896143566,0,
VMM,P03_041_2013,0.874848705,0,
VMM,P03_041_2014,0.981295925,1,
VMM,P03_041_2015,0.920900851,0,
VMM,P03_041_2016,0.994962217,1,
VMM,P03_041_2017,0.998190591,1,
VMM,P03_041_2018,1,1,
VMM,P03_041_2019,0.988679245,1,
VMM,P03_041_2020,0.985995999,1,
VMM,P03_041_2021,-1,0,
VMM,P04_001_2004,-1,0,
VMM,P04_001_2005,0.968790219,1,
VMM,P04_001_2006,0.561068702,0,
VMM,P04_001_2007,0.711954304,0,
VMM,P04_001_2008,0.942783209,0,
VMM,P04_001_2009,0.988400488,1,
VMM,P04_001_2010,0.997612732,1,
VMM,P04_001_2011,0.995374653,1,
VMM,P04_001_2012,0.969650986,1,
VMM,P04_001_2013,0.518340068,0,
VMM,P04_001_2014,0.454758321,0,
VMM,P04_001_2015,0.569822589,0,
VMM,P04_001_2016,0.971211725,1,
VMM,P04_001_2017,0.637441204,0,
VMM,P04_001_2019,0.891801593,0,
VMM,P04_001_2020,0.90433165,0,
VMM,P04_001_2021,-1,0,
VMM,P04_020_2006,-1,0,
VMM,P04_020_2007,0.957727873,1,
VMM,P04_020_2008,0.246966766,0,
VMM,P04_020_2009,0.211889347,0,
VMM,P04_020_2010,0.996741038,1,
VMM,P04_020_2011,0.991758242,1,
VMM,P04_020_2012,0.96985169,1,
VMM,P04_020_2013,0.861117294,0,
VMM,P04_020_2014,1,1,
VMM,P04_020_2015,0.165212687,0,
VMM,P04_020_2016,0.998109641,1,
VMM,P04_020_2017,0.998007307,1,
VMM,P04_020_2018,1,1,
VMM,P04_020_2019,0.999672453,1,
VMM,P04_020_2020,0.999341021,1,
VMM,P04_020_2021,-1,0,
VMM,P04_027_2008,-1,0,
VMM,P04_027_2009,0.996285714,1,
VMM,P04_027_2010,0.861263158,0,
VMM,P04_027_2011,0.995230999,1,
VMM,P04_027_2012,0.815624368,0,
VMM,P04_027_2013,0.807462687,0,
VMM,P04_027_2014,0.981852315,1,
VMM,P04_027_2015,0.994945464,1,
VMM,P04_027_2016,0.763771809,0,
VMM,P04_027_2017,0.998414795,1,
VMM,P04_027_2018,1,1,
VMM,P04_027_2019,0.998661312,1,
VMM,P04_027_2020,0.998592739,1,
VMM,P04_027_2021,-1,0,
VMM,P04__01_2019,0.893436293,0,
VMM,P04__01_2020,0.906316916,0,
VMM,P05_019_2006,-1,0,
VMM,P05_019_2007,0.979556703,1,
VMM,P05_019_2008,0.826570681,0,
VMM,P05_019_2009,0.980189959,1,
VMM,P05_019_2010,0.62245918,0,
VMM,P05_019_2011,0.50738067,0,
VMM,P05_019_2012,0.996974633,1,
VMM,P05_019_2013,0.841096455,0,
VMM,P05_019_2014,0.31800682,0,
VMM,P05_019_2015,0.412052316,0,
VMM,P05_019_2016,0.979860573,1,
VMM,P05_019_2017,0.992694331,1,
VMM,P05_019_2018,1,1,
VMM,P05_019_2019,0.926486784,0,
VMM,P05_019_2020,0.962789416,1,
VMM,P05_019_2021,-1,0,
VMM,P05_038_2012,0.02028451,0,
VMM,P05_038_2013,0.581141238,0,
VMM,P05_038_2014,0.271703637,0,
VMM,P05_038_2015,0.618062666,0,
VMM,P05_038_2016,1,1,
VMM,P05_038_2017,0.997947314,1,
VMM,P05_038_2018,1,1,
VMM,P05_038_2019,1,1,
VMM,P05_038_2020,0.998722453,1,
VMM,P05_038_2021,-1,0,
VMM,P05_039_2008,-1,0,
VMM,P05_039_2009,0.997445069,1,
VMM,P05_039_2010,0.718588145,0,
VMM,P05_039_2011,1,1,
VMM,P05_039_2012,0.969554511,1,
VMM,P05_039_2013,0.875304136,0,
VMM,P05_039_2014,0.993009119,1,
VMM,P05_039_2015,1,1,
VMM,P05_039_2016,0.991917151,1,
VMM,P05_039_2017,0.997461213,1,
VMM,P05_039_2018,1,1,
VMM,P05_039_2019,0.884388807,0,
VMM,P05_039_2020,0.998939555,1,
VMM,P05_039_2021,-1,0,
VMM,P06_014_2004,-1,0,
VMM,P06_014_2005,0.398957461,0,
VMM,P06_014_2006,0.891794872,0,
VMM,P06_014_2007,0.651162791,0,
VMM,P06_014_2008,0.817058961,0,
VMM,P06_014_2009,0.977828966,0,interpolation_error in script.m
VMM,P06_014_2010,0.747408106,0,
VMM,P06_014_2011,0.999716393,1,
VMM,P06_014_2012,0.982081323,1,
VMM,P06_014_2013,0.865188084,0,
VMM,P06_014_2014,1,1,
VMM,P06_014_2015,0.994771602,1,
VMM,P06_014_2016,0.991426345,1,
VMM,P06_014_2017,0.99829497,1,
VMM,P06_014_2018,1,1,
VMM,P06_014_2019,0.723648386,0,
VMM,P06_014_2020,0.374971429,0,
VMM,P06_014_2021,-1,0,
VMM,P06_040_2008,-1,0,
VMM,P06_040_2009,0.965248963,1,
VMM,P06_040_2010,1,1,
VMM,P06_040_2011,1,1,
VMM,P06_040_2012,0.999552172,1,
VMM,P06_040_2013,0.770011274,0,
VMM,P06_040_2014,0.980858086,1,
VMM,P06_040_2015,0.999401377,1,
VMM,P06_040_2016,1,1,
VMM,P06_040_2017,0.998072599,1,
VMM,P06_040_2018,1,1,
VMM,P06_040_2019,1,1,
VMM,P06_040_2020,0.998773006,1,
VMM,P06_040_2021,-1,0,
VMM,P07_006_2004,-1,0,
VMM,P07_006_2005,0.882734396,0,
VMM,P07_006_2006,0.575215263,0,
VMM,P07_006_2007,0.644467389,0,
VMM,P07_006_2008,0.891024082,0,
VMM,P07_006_2009,0.997657394,1,
VMM,P07_006_2010,0.99796748,1,
VMM,P07_006_2011,0.999378303,1,
VMM,P07_006_2012,0.759782812,0,
VMM,P07_006_2013,0.996840826,1,
VMM,P07_006_2014,0.783241345,0,
VMM,P07_006_2015,0.999463807,1,
VMM,P07_006_2016,0.890569395,0,
VMM,P07_006_2017,0.053003534,0,
VMM,P07_006_2018,1,1,
VMM,P07_006_2019,0.989263804,1,
VMM,P07_006_2020,0.904746318,0,
VMM,P07_006_2021,-1,0,
VMM,P07_021_2006,-1,0,
VMM,P07_021_2007,0.239312118,0,
VMM,P07_021_2008,0.460854352,0,
VMM,P07_021_2009,0.998525509,1,
VMM,P07_021_2010,0.982873963,1,
VMM,P07_021_2011,0.925104853,0,
VMM,P07_021_2012,0.998226501,1,
VMM,P07_021_2013,0.624098003,0,
VMM,P07_021_2014,1,1,
VMM,P07_021_2015,0.614629451,0,
VMM,P07_021_2016,0.671771218,0,
VMM,P07_021_2017,0.992507205,1,
VMM,P07_021_2018,1,1,
VMM,P07_021_2019,0.685109142,0,
VMM,P07_021_2020,0.983739837,1,
VMM,P07_021_2021,-1,0,
VMM,P07_022_2006,-1,0,
VMM,P07_022_2007,0.619008264,0,
VMM,P07_022_2008,0.478060711,0,
VMM,P07_022_2009,0.989942529,1,
VMM,P07_022_2010,0.513750171,0,
VMM,P07_022_2011,0.449951544,0,
VMM,P07_022_2012,0.986218173,1,
VMM,P07_022_2013,0.91198044,0,
VMM,P07_022_2014,0.993479549,1,
VMM,P07_022_2015,0.992881624,1,
VMM,P07_022_2016,0.953941121,1,
VMM,P07_022_2017,0.997483221,1,
VMM,P07_022_2018,1,1,
VMM,P07_022_2019,0.998658078,1,
VMM,P07_022_2020,0.997999428,1,
VMM,P07_022_2021,-1,0,
VMM,P08_009_2004,-1,0,
VMM,P08_009_2005,0.717896175,0,
VMM,P08_009_2006,0.797504121,0,
VMM,P08_009_2007,0.345166524,0,
VMM,P08_009_2008,0.976836009,1,
VMM,P08_009_2009,0.524898215,0,
VMM,P08_009_2010,0.996743487,1,
VMM,P08_009_2011,0.996978852,1,
VMM,P08_009_2012,0.970278493,1,
VMM,P08_009_2013,0.743087558,0,
VMM,P08_009_2014,0.999715586,1,
VMM,P08_009_2015,1,1,
VMM,P08_009_2016,0.311363271,0,
VMM,P08_009_2017,0.998057714,1,
VMM,P08_009_2018,1,1,
VMM,P08_009_2019,0.99560837,1,
VMM,P08_009_2020,0.998915989,1,
VMM,P08_009_2021,-1,0,
VMM,P08_013_2004,-1,0,
VMM,P08_013_2005,0.876245847,0,
VMM,P08_013_2006,0.85356504,0,
VMM,P08_013_2007,0.885076381,0,
VMM,P08_013_2008,0.763084213,0,
VMM,P08_013_2009,0.823846334,0,
VMM,P08_013_2010,0.979596915,1,
VMM,P08_013_2011,0.623933282,0,
VMM,P08_013_2012,0.970963173,1,
VMM,P08_013_2013,0.863417832,0,
VMM,P08_013_2014,0.400435256,0,
VMM,P08_013_2015,0.999729291,1,
VMM,P08_013_2016,0.774636511,0,
VMM,P08_013_2017,0.865611715,0,
VMM,P08_013_2018,1,1,
VMM,P08_013_2019,0.999236835,1,
VMM,P08_013_2020,0.99862069,1,
VMM,P08_013_2021,-1,0,
VMM,P08_018_2004,-1,0,
VMM,P08_018_2005,0.941240184,0,
VMM,P08_018_2006,0.845884413,0,
VMM,P08_018_2007,0.927754095,0,
VMM,P08_018_2008,0.977594025,1,
VMM,P08_018_2009,0.997222924,1,
VMM,P08_018_2010,0.83035539,0,
VMM,P08_018_2011,0.997394325,1,
VMM,P08_018_2012,0.981498195,1,
VMM,P08_018_2013,0.885052884,0,
VMM,P08_018_2014,0.485722696,0,
VMM,P08_018_2015,0.902828467,0,
VMM,P08_018_2016,0.395364301,0,
VMM,P08_018_2017,0.754515297,0,
VMM,P08_018_2018,1,1,
VMM,P08_018_2019,0.986429433,1,
VMM,P08_018_2020,0.937750385,0,
VMM,P08_018_2021,-1,0,
VMM,P08_023_2008,-1,0,
VMM,P08_023_2009,0.734671372,0,
VMM,P08_023_2010,0.274546425,0,
VMM,P08_023_2013,0.410430548,0,
VMM,P08_023_2014,0.402712078,0,
VMM,P08_023_2015,0.975361872,1,
VMM,P08_023_2016,0.962826334,1,
VMM,P08_023_2017,0.995039683,1,
VMM,P08_023_2018,1,1,
VMM,P08_023_2019,0.994180704,1,
VMM,P08_023_2020,0.949424591,0,
VMM,P08_023_2021,-1,0,
VMM,P08_028_2008,-1,0,
VMM,P08_028_2009,0.386460302,0,
VMM,P08_028_2010,0.996341782,1,
VMM,P08_028_2011,0.838173178,0,
VMM,P08_028_2012,0.967543236,1,
VMM,P08_028_2013,0.892499389,0,
VMM,P08_028_2014,0.847156398,0,
VMM,P08_028_2015,0.99941708,1,
VMM,P08_028_2016,0.911866931,0,
VMM,P08_028_2017,0.69695633,0,
VMM,P08_028_2018,1,1,
VMM,P08_028_2019,0.382422803,0,
VMM,P08_028_2020,0.929646597,0,
VMM,P08_028_2021,-1,0,
VMM,P08_031_2008,-1,0,
VMM,P08_031_2009,0.997217585,1,
VMM,P08_031_2010,0.996314496,1,
VMM,P08_031_2011,0.861619453,0,
VMM,P08_031_2012,0.983429395,1,
VMM,P08_031_2013,0.979870775,1,
VMM,P08_031_2014,0.936667653,0,
VMM,P08_031_2015,0.997306034,1,
VMM,P08_031_2016,0.965002447,1,
VMM,P08_031_2017,0.132316114,0,
VMM,P08_031_2018,1,1,
VMM,P08_031_2019,0.980797637,1,
VMM,P08_031_2020,0.931119311,0,
VMM,P08_031_2021,-1,0,
VMM,P08_033_2008,-1,0,
VMM,P08_033_2009,0.990690691,1,
VMM,P08_033_2010,0.989698492,1,
VMM,P08_033_2011,0.668339607,0,
VMM,P08_033_2012,0.979636899,1,
VMM,P08_033_2013,0.652118335,0,
VMM,P08_033_2014,0.945772059,0,
VMM,P08_033_2015,0.693785311,0,
VMM,P08_033_2016,0.335610589,0,
VMM,P08_033_2017,0.884484436,0,
VMM,P08_033_2018,1,1,
VMM,P08_033_2019,0.999742931,1,
VMM,P08_033_2020,0.985066667,1,
VMM,P08_033_2021,-1,0,
VMM,P09_012_2004,-1,0,
VMM,P09_012_2005,0.870755028,0,
VMM,P09_012_2006,0.948845471,0,
VMM,P09_012_2007,0.94435123,0,
VMM,P09_012_2008,0.624402866,0,
VMM,P09_012_2009,0.333196777,0,
VMM,P09_012_2010,0.423241353,0,
VMM,P09_012_2011,0.997881356,1,
VMM,P09_012_2012,0.701364522,0,
VMM,P09_012_2013,0.491013325,0,
VMM,P09_012_2014,0.991197183,1,
VMM,P09_012_2015,1,1,
VMM,P09_012_2016,1,1,
VMM,P09_012_2017,0.876392285,0,
VMM,P09_012_2018,1,1,
VMM,P09_012_2019,0.999436143,1,
VMM,P09_012_2020,0.904043452,0,
VMM,P09_012_2021,-1,0,
VMM,P09_016_2004,-1,0,
VMM,P09_016_2005,0.840022142,0,
VMM,P09_016_2006,0.782908705,0,
VMM,P09_016_2007,0.873769685,0,
VMM,P09_016_2008,0.511661114,0,
VMM,P09_016_2009,0.831713555,0,
VMM,P09_016_2010,0.995515695,1,
VMM,P09_016_2011,0.919309173,0,
VMM,P09_016_2012,0.977542592,1,
VMM,P09_016_2013,0.693110236,0,
VMM,P09_016_2014,0.313472398,0,
VMM,P09_016_2015,0.882305845,0,
VMM,P09_016_2016,0.587591865,0,
VMM,P09_016_2017,0.914095745,0,
VMM,P09_016_2018,1,1,
VMM,P09_016_2019,0.998588767,1,
VMM,P09_016_2020,0.972396487,1,
VMM,P09_016_2021,-1,0,
VMM,P09_025_2008,-1,0,
VMM,P09_025_2009,0.998903509,1,
VMM,P09_025_2010,0.997071028,1,
VMM,P09_025_2011,0.999734959,1,
VMM,P09_025_2012,0.981349298,1,
VMM,P09_025_2013,0.875851461,0,
VMM,P09_025_2014,0.886318195,0,
VMM,P09_025_2015,0.916206483,0,
VMM,P09_025_2016,0.956491391,1,
VMM,P09_025_2017,0.873481357,0,
VMM,P09_025_2018,1,1,
VMM,P09_025_2019,0.999505318,1,
VMM,P09_025_2020,0.998337029,1,
VMM,P09_025_2021,-1,0,
VMM,P09_026_2008,-1,0,
VMM,P09_026_2009,0.964009597,1,
VMM,P09_026_2010,0.137156644,0,
VMM,P09_026_2011,0.045142771,0,
VMM,P09_026_2012,0.584244753,0,
VMM,P09_026_2013,0.771725307,0,
VMM,P09_026_2014,0.9770735,1,
VMM,P09_026_2015,0.999129173,1,
VMM,P09_026_2016,0.814298561,0,
VMM,P09_026_2017,0.996458731,1,
VMM,P09_026_2018,1,1,
VMM,P09_026_2019,0.998658798,1,
VMM,P09_026_2020,0.995653524,1,
VMM,P09_026_2021,-1,0,
VMM,P09_032_2008,-1,0,
VMM,P09_032_2009,0.997014034,1,
VMM,P09_032_2010,0.996504437,1,
VMM,P09_032_2011,0.999031321,1,
VMM,P09_032_2012,0.923894661,0,
VMM,P09_032_2013,0.780184431,0,
VMM,P09_032_2014,1,1,
VMM,P09_032_2015,0.998803828,1,
VMM,P09_032_2016,0.456597446,0,
VMM,P09_032_2017,0.997429306,1,
VMM,P09_032_2018,1,1,
VMM,P09_032_2019,0.998910675,1,
VMM,P09_032_2020,0.998132005,1,
VMM,P09_032_2021,-1,0,
VMM,P09_034_2008,-1,0,
VMM,P09_034_2009,0.809489228,0,interpolation_error in script.m
VMM,P09_034_2010,0.942537313,0,
VMM,P09_034_2011,0.604678363,0,
VMM,P09_034_2012,0.346964856,0,
VMM,P09_034_2013,0.62460828,0,
VMM,P09_034_2014,0.549217002,0,
VMM,P09_034_2015,0.794014854,0,
VMM,P09_034_2016,0.981113564,1,
VMM,P09_034_2017,0.99767562,1,
VMM,P09_034_2018,1,1,
VMM,P09_034_2019,1,1,
VMM,P09_034_2020,0.999133198,1,
VMM,P09_034_2021,-1,0,
VMM,P09_035_2008,-1,0,
VMM,P09_035_2009,0.949002777,0,
VMM,P09_035_2010,0.524641638,0,
VMM,P09_035_2011,0.584732824,0,
VMM,P09_035_2012,0.436443704,0,
VMM,P09_035_2013,0.376840982,0,
VMM,P09_035_2014,0.999668545,1,
VMM,P09_035_2015,0.504607215,0,
VMM,P09_035_2016,0.08046931,0,
VMM,P09_035_2018,1,1,
VMM,P09_035_2019,0.998738648,1,
VMM,P09_035_2020,0.997026464,1,
VMM,P09_035_2021,-1,0,
VMM,P10_011_2004,-1,0,
VMM,P10_011_2005,0.997607656,1,
VMM,P10_011_2006,0.896687697,0,
VMM,P10_011_2007,0.795220437,0,
VMM,P10_011_2008,0.948445172,0,
VMM,P10_011_2009,0.933942559,0,
VMM,P10_011_2010,0.181699671,0,
VMM,P10_011_2011,0.934371524,0,
VMM,P10_011_2012,0.999017199,1,
VMM,P10_011_2013,0.925596631,0,
VMM,P10_011_2014,0.999687011,1,
VMM,P10_011_2015,0.438329682,0,
VMM,P10_011_2016,1,1,
VMM,P10_011_2017,0.759059745,0,
VMM,P10_011_2018,1,1,
VMM,P10_011_2019,0.887104283,0,
VMM,P10_011_2020,0.737628177,0,
VMM,P10_011_2021,-1,0,
VMM,P10_042_2009,-1,0,interpolation_error in script.m
VMM,P10_042_2010,0.405075188,0,
VMM,P10_042_2011,0.72375,0,
VMM,P10_042_2012,0.850453795,0,
VMM,P10_042_2013,0.851046535,0,
VMM,P10_042_2014,0.498048146,0,
VMM,P10_042_2015,0.840273587,0,
VMM,P10_042_2016,0.822169996,0,
VMM,P10_042_2017,0.927306188,0,
VMM,P10_042_2018,1,1,
VMM,P10_042_2019,0.060434314,0,
VMM,P10_042_2020,-1,0,
VMM,P10_042_2021,0,0,
VMM,P11_002_2004,-1,0,
VMM,P11_002_2005,0.933494884,0,
VMM,P11_002_2006,0.999704579,1,
VMM,P11_002_2007,0.973938943,1,
VMM,P11_002_2008,0.919281309,0,
VMM,P11_002_2009,0.907647526,0,interpolation_error in script.m
VMM,P11_002_2010,0.886579304,0,
VMM,P11_002_2011,0.998847262,1,
VMM,P11_002_2012,0.541733665,0,
VMM,P11_002_2013,0.848824188,0,
VMM,P11_002_2014,0.756878439,0,
VMM,P11_002_2015,0.978277938,1,
VMM,P11_002_2016,0.859836438,0,
VMM,P11_002_2017,0.816540348,0,
VMM,P11_002_2018,1,1,
VMM,P11_002_2019,0.999201065,1,
VMM,P11_002_2020,0.996191034,1,
VMM,P11_002_2021,-1,0,
VMM,P11_007_2004,-1,0,
VMM,P11_007_2005,0.700287003,0,
VMM,P11_007_2006,0.960286817,1,
VMM,P11_007_2007,0.562688366,0,
VMM,P11_007_2008,0.748055669,0,
VMM,P11_007_2009,0.998115747,1,
VMM,P11_007_2010,0.997638167,1,
VMM,P11_007_2011,0.996011396,1,
VMM,P11_007_2012,0.98426385,1,
VMM,P11_007_2013,0.901825467,0,
VMM,P11_007_2014,0.678241758,0,
VMM,P11_007_2015,0.999737326,1,
VMM,P11_007_2016,0.994057935,1,
VMM,P11_007_2017,0.847001483,0,
VMM,P11_007_2018,1,1,
VMM,P11_007_2019,0.999212392,1,
VMM,P11_007_2020,0.959473684,1,
VMM,P11_007_2021,-1,0,
VMM,P11_024_2006,-1,0,
VMM,P11_024_2007,0.370980847,0,
VMM,P11_024_2008,0.860686138,0,
VMM,P11_024_2009,0.512775588,0,
VMM,P11_024_2010,0.647169515,0,
VMM,P11_024_2011,0.65471394,0,
VMM,P11_024_2012,0.966259871,1,
VMM,P11_024_2013,0.916765193,0,
VMM,P11_024_2014,1,1,
VMM,P11_024_2015,0.999727965,1,
VMM,P11_024_2016,0.612290696,0,
VMM,P11_024_2017,0.775217303,0,
VMM,P11_024_2018,1,1,
VMM,P11_024_2019,0.901904762,0,
VMM,P11_024_2020,0.998729352,1,
VMM,P11_024_2021,-1,0,
VMM,P11_043_2008,-1,0,
VMM,P11_043_2009,0.998566103,1,
VMM,P11_043_2010,0.996733551,1,
VMM,P11_043_2011,0.999410898,1,
VMM,P11_043_2012,0.978825794,1,
VMM,P11_043_2013,0.425548093,0,
VMM,P11_043_2014,1,1,
VMM,P11_043_2015,0.999729144,1,
VMM,P11_043_2016,0.99552795,1,
VMM,P11_043_2017,0.998445596,1,
VMM,P11_043_2018,1,1,
VMM,P11_043_2019,0.999487179,1,
VMM,P11_043_2020,0.997937537,1,
VMM,P11_043_2021,-1,0,
